{"cameraMode":{"drawMode":0,"name":"Shaded","section":"Shading Mode"},"sceneLighting":true,"audioPlay":false,"sceneViewState":{"showFog":true,"showMaterialUpdate":false,"showSkybox":true,"showFlares":true,"showImageEffects":true,"showParticleSystems":true,"showVisualEffectGraphs":true,"m_FxEnabled":true},"in2DMode":false,"pivot":{"x":1.3800888061523438,"y":10.219615936279297,"z":0.18657398223876954},"rotation":{"x":-0.3754698932170868,"y":-0.19175566732883454,"z":0.07971200346946717,"w":-0.9032636880874634},"size":2.2590017318725588,"orthographic":false}